{
  "tokenization": {
    "passed": false
  },
  "single_step_0": {
    "cpp_token": 101325,
    "cpp_time": 0.23896265029907227,
    "pytorch_token": 151645,
    "pytorch_time": 4.1961669921875e-05,
    "tokens_match": false
  },
  "single_step_1": {
    "cpp_token": 101283,
    "cpp_time": 0.8571319580078125,
    "pytorch_token": 151645,
    "pytorch_time": 4.00543212890625e-05,
    "tokens_match": false
  },
  "generation_0": {
    "cpp_output": "\u60f3\u5230\u7ecf\u5178\u5341\u4e8c\u4e09\u5927\u9526",
    "cpp_time": 1.9682486057281494,
    "cpp_avg_step_time": 0.39334964752197266,
    "pytorch_output": "",
    "pytorch_time": 5.7697296142578125e-05,
    "outputs_match": false,
    "word_overlap": 0.0
  },
  "generation_1": {
    "cpp_output": "\u6982\u5ff5\u60f3\u5230\u8655\u6df1\u523b\u90a6",
    "cpp_time": 2.662195920944214,
    "cpp_avg_step_time": 0.5321321487426758,
    "pytorch_output": "",
    "pytorch_time": 4.9591064453125e-05,
    "outputs_match": false,
    "word_overlap": 0.0
  },
  "embeddings": {
    "status": "not_implemented"
  }
}