{
  "tokenization": {
    "passed": false
  },
  "single_step_0": {
    "cpp_token": 101281,
    "cpp_time": 0.2477092742919922,
    "pytorch_token": 151645,
    "pytorch_time": 4.220008850097656e-05,
    "tokens_match": false
  },
  "single_step_1": {
    "cpp_token": 101330,
    "cpp_time": 0.8810033798217773,
    "pytorch_token": 151645,
    "pytorch_time": 4.458427429199219e-05,
    "tokens_match": false
  },
  "generation_0": {
    "cpp_output": "\u8352\u8655\u6df1\u523b\u8fdb\u6b65\u5927\u591a\u6570",
    "cpp_time": 2.1136648654937744,
    "cpp_avg_step_time": 0.42244420051574705,
    "pytorch_output": "",
    "pytorch_time": 4.935264587402344e-05,
    "outputs_match": false,
    "word_overlap": 0.0
  },
  "generation_1": {
    "cpp_output": "\u7ec4\u6210\u8655\u7ecf\u5178\u5927\u591a\u6570\u6982\u5ff5",
    "cpp_time": 2.7025845050811768,
    "cpp_avg_step_time": 0.5402021408081055,
    "pytorch_output": "",
    "pytorch_time": 4.9114227294921875e-05,
    "outputs_match": false,
    "word_overlap": 0.0
  },
  "embeddings": {
    "status": "not_implemented"
  }
}